pocketed	68
juggy	68
pocketed	69
ledges	69
roof	70
bouldery	70
arete	70
flake	70
powerful	70
bouldery	71
roof	72
steep	72
crimpy	72
balancy	72
cruxy	73
face	73
pocketed	73
steep	73
crimpy	73
huecos	73
cruxy	74
face	74
steep	74
juggy	74
cruxy	75
face	75
pocketed	75
steep	75
juggy	75
huecos	75
pumpy	75
sequential	75
undercling	75
powerful	75
cruxy	76
roof	76
slabby	76
thin	76
steep	77
ledges	77
pocketed	78
steep	78
juggy	78
pumpy	78
classic	78
ledges	78
powerful	78
steep	79
bouldery	79
pocketed	80
steep	80
slabby	80
crimpy	80
vertical	81
face	82
pocketed	82
steep	82
vertical	82
face	83
roof	83
pocketed	83
steep	83
bouldery	83
thin	83
crack	84
steep	84
sustained	84
pocketed	85
thin	85
crack	86
cruxy	86
steep	86
huecos	86
slabby	87
crack	88
cruxy	88
pocketed	88
huecos	88
face	89
pocketed	89
crimpy	89
vertical	89
pocketed	90
steep	90
dihedral	90
bouldery	91
crimpy	91
pocketed	92
bouldery	92
crimpy	92
sequential	92
bouldery	93
arete	93
pumpy	93
pocketed	94
bouldery	94
juggy	94
crimpy	94
slopers	94
crack	96
cruxy	96
slabby	97
crack	98
pocketed	98
crack	99
slabby	99
juggy	99
bouldery	100
juggy	100
bouldery	101
slabby	101
juggy	101
arete	101
cruxy	102
bouldery	102
juggy	102
vertical	102
powerful	102
cruxy	104
slabby	104
balancy	105
bouldery	106
vertical	106
face	107
bouldery	107
face	108
roof	109
juggy	109
thin	109
crack	110
face	110
crack	111
vertical	111
chimney	111
stem	111
slopers	112
bouldery	113
corner	113
crack	114
bouldery	114
dihedral	114
crack	115
crack	116
face	116
pumpy	116
crack	117
corner	117
chimney	117
tricky	117
classic	117
crack	118
cruxy	118
face	118
dihedral	118
crack	119
cruxy	119
face	119
crack	120
face	120
slabby	120
crack	121
face	121
thin	121
cruxy	122
flake	122
arete	123
crack	124
face	124
crack	125
tricky	126
crack	127
off-width	127
crack	128
dihedral	128
cruxy	129
roof	129
stem	129
classic	130
crack	131
face	131
pocketed	131
steep	131
thin	131
crack	132
cruxy	132
face	132
roof	132
corner	132
vertical	132
pumpy	132
stem	132
crack	133
face	133
roof	133
dihedral	133
thin	133
classic	133
off-width	133
layback	133
crack	134
flake	134
chimney	134
off-width	134
crack	135
cruxy	135
flake	135
undercling	135
crack	136
face	136
steep	136
pumpy	136
stem	136
crack	137
chimney	137
crack	138
face	138
steep	138
technical	138
chimney	138
crack	139
stem	139
crack	140
tricky	140
pocketed	141
steep	141
flake	141
cruxy	142
steep	142
juggy	142
pumpy	142
juggy	143
cruxy	144
bouldery	144
pumpy	144
cruxy	145
slabby	145
roof	146
steep	146
crack	148
cruxy	148
face	148
roof	148
corner	148
crack	149
cruxy	149
face	149
dihedral	149
roof	150
pocketed	150
face	151
pocketed	151
roof	152
pocketed	152
steep	152
steep	153
bouldery	153
juggy	153
thin	153
pocketed	155
dihedral	156
crack	157
face	157
roof	157
corner	157
steep	158
arete	158
face	159
pocketed	159
slabby	159
arete	159
face	160
steep	160
pumpy	160
cruxy	161
pocketed	161
steep	161
bouldery	161
thin	161
pumpy	161
cruxy	162
arete	163
cruxy	164
steep	164
thin	164
technical	164
tricky	164
slopers	164
pocketed	165
vertical	165
pinches	165
crack	166
roof	166
dihedral	166
thin	166
pumpy	166
roof	167
bouldery	167
thin	167
crack	168
cruxy	168
roof	168
corner	168
roof	169
steep	169
corner	169
crack	171
cruxy	171
crimpy	171
pinches	171
ledges	175
arete	176
crack	177
crack	178
face	178
vertical	178
chimney	178
face	179
arete	179
crack	181
stem	181
roof	182
steep	182
off-width	182
crack	183
thin	183
pocketed	185
ledges	185
cruxy	186
slabby	186
cruxy	187
face	187
roof	187
arete	187
sustained	187
crack	188
bouldery	188
thin	188
flake	188
crack	189
corner	189
layback	189
face	190
roof	190
corner	190
flake	190
crack	191
roof	191
vertical	191
chimney	192
slabby	193
crack	194
cruxy	194
face	194
steep	194
bouldery	194
crack	195
cruxy	195
face	195
roof	195
bouldery	195
thin	195
vertical	195
cruxy	196
arete	196
crack	197
cruxy	197
crack	198
cruxy	198
roof	198
crack	199
huecos	199
crack	200
thin	200
stem	200
roof	201
juggy	201
corner	201
bouldery	202
off-width	203
cruxy	204
face	204
pocketed	204
crack	205
bouldery	206
arete	206
slopers	206
crack	207
chimney	207
off-width	207
cruxy	208
crack	209
stem	209
crack	210
cruxy	210
dihedral	211
corner	211
stem	211
crack	214
roof	214
slabby	214
arete	214
chimney	214
crack	215
flake	215
crack	216
cruxy	216
bouldery	216
thin	216
flake	216
balancy	216
stem	216
ledges	217
crack	218
roof	219
bouldery	219
off-width	219
cruxy	220
face	220
thin	220
crack	221
cruxy	221
face	221
dihedral	221
chimney	221
classic	221
crack	222
corner	222
stem	222
crack	223
roof	223
cruxy	224
arete	224
technical	224
pumpy	224
face	225
roof	225
steep	225
vertical	225
flake	226
technical	226
pumpy	226
balancy	226
flake	227
face	228
dihedral	229
face	230
pocketed	230
arete	230
face	231
corner	231
cruxy	232
face	232
slabby	232
crimpy	232
technical	232
balancy	232
flake	233
chimney	233
roof	234
slabby	234
technical	234
sequential	234
pinches	234
cruxy	235
juggy	235
crack	236
cruxy	236
chimney	236
crack	237
layback	237
crack	238
thin	238
chimney	238
classic	238
cruxy	239
pocketed	239
steep	239
bouldery	239
slabby	239
juggy	239
arete	239
slopers	239
crack	240
flake	240
off-width	240
crack	265
corner	265
cruxy	266
face	266
dihedral	266
cruxy	267
roof	267
pocketed	267
juggy	267
arete	267
technical	267
pumpy	267
tricky	267
ledges	267
cruxy	268
pocketed	268
steep	268
thin	268
pumpy	268
tricky	268
slopers	268
powerful	268
crack	269
face	270
arete	270
crimpy	270
huecos	270
classic	270
cruxy	271
cruxy	272
roof	272
slabby	272
technical	272
tricky	272
cruxy	273
face	273
arete	273
arete	274
cruxy	276
pumpy	277
face	278
roof	278
pocketed	278
thin	278
classic	278
crack	279
tricky	279
face	280
bouldery	280
balancy	280
thin	281
roof	282
bouldery	282
pumpy	282
slabby	283
crimpy	283
bouldery	284
roof	285
pocketed	285
tricky	285
pumpy	286
slabby	287
tricky	287
face	288
roof	288
cruxy	289
pocketed	289
steep	289
bouldery	289
cruxy	290
pumpy	290
pocketed	291
bouldery	291
vertical	292
pumpy	292
cruxy	293
crimpy	293
technical	293
slopers	293
face	294
chimney	294
cruxy	295
thin	295
cruxy	296
face	296
vertical	296
ledges	296
roof	297
juggy	297
dihedral	297
layback	297
crack	298
face	298
roof	298
vertical	298
balancy	299
arete	300
thin	300
face	301
crimpy	301
vertical	301
face	302
pocketed	302
arete	302
chimney	302
face	303
arete	303
cruxy	304
juggy	304
crimpy	304
huecos	304
slopers	304
sequential	304
face	305
pocketed	305
steep	305
bouldery	305
huecos	305
sustained	305
slabby	306
technical	306
crack	307
pocketed	308
juggy	308
huecos	308
slopers	308
dihedral	309
juggy	310
technical	310
crack	312
crack	313
slabby	313
off-width	313
cruxy	314
pocketed	314
huecos	314
pumpy	314
slopers	314
sustained	314
balancy	314
face	315
thin	315
crack	316
face	316
flake	316
huecos	316
layback	316
bouldery	317
cruxy	318
face	318
pocketed	318
bouldery	318
crimpy	318
thin	318
slopers	318
face	319
roof	319
bouldery	319
slabby	319
thin	319
cruxy	320
face	320
roof	320
huecos	320
cruxy	321
pocketed	321
juggy	321
crimpy	321
huecos	321
vertical	321
pumpy	321
slopers	321
sequential	321
powerful	321
cruxy	322
steep	322
juggy	322
pumpy	322
crack	323
face	323
slabby	323
steep	324
juggy	324
huecos	324
slopers	324
sequential	324
face	326
slabby	326
dihedral	326
huecos	326
technical	326
balancy	326
slabby	327
arete	327
crack	329
face	329
crack	330
juggy	330
slabby	331
technical	331
roof	332
dihedral	332
stem	332
crack	333
dihedral	333
corner	333
layback	333
stem	333
cruxy	334
pocketed	334
steep	334
pocketed	336
corner	336
flake	336
slopers	336
pocketed	337
juggy	337
crimpy	337
huecos	337
pumpy	337
slopers	337
sequential	337
pocketed	338
cruxy	339
face	339
pocketed	339
bouldery	339
slopers	339
pocketed	340
bouldery	340
slabby	340
tricky	340
slopers	340
crack	341
pocketed	341
crack	342
arete	342
dihedral	342
corner	342
face	343
bouldery	343
slabby	343
dihedral	344
steep	345
arete	345
pumpy	345
slopers	345
face	346
pocketed	346
steep	346
pumpy	346
pocketed	347
flake	347
crack	348
cruxy	348
pocketed	348
bouldery	348
stem	348
face	350
face	351
pocketed	351
pumpy	351
sequential	351
face	353
arete	353
huecos	354
slopers	354
face	355
pocketed	355
steep	355
face	356
pocketed	356
steep	356
bouldery	356
bouldery	357
juggy	357
pumpy	357
classic	358
bouldery	359
roof	360
slabby	360
cruxy	361
slabby	361
cruxy	362
bouldery	362
classic	362
steep	363
juggy	363
pumpy	363
steep	364
pumpy	364
cruxy	365
roof	365
bouldery	365
arete	365
corner	365
pumpy	365
slopers	365
dihedral	366
chimney	366
cruxy	367
slopers	367
sequential	367
stem	367
cruxy	368
face	368
pocketed	368
thin	368
flake	368
technical	368
pumpy	368
ledges	368
face	369
pocketed	369
steep	369
slabby	369
thin	369
technical	369
pumpy	369
classic	369
cruxy	370
pocketed	370
thin	370
pinches	370
crack	371
face	371
juggy	371
flake	371
vertical	371
face	372
roof	372
thin	372
vertical	372
layback	372
arete	373
roof	375
steep	375
juggy	375
cruxy	376
roof	376
juggy	376
arete	376
flake	376
technical	376
sequential	376
crack	377
thin	377
corner	377
pumpy	377
bouldery	378
slabby	378
thin	378
off-width	378
face	379
steep	379
pumpy	379
balancy	379
face	380
pocketed	380
slabby	380
cruxy	381
pocketed	381
slopers	381
stem	381
steep	382
slabby	382
face	383
pocketed	383
arete	383
crimpy	383
thin	383
flake	383
pocketed	384
steep	384
juggy	384
slabby	385
tricky	385
steep	386
crimpy	386
powerful	386
cruxy	388
steep	388
juggy	388
steep	389
face	390
flake	390
chimney	390
pinches	391
thin	394
vertical	394
bouldery	395
slabby	395
cruxy	397
face	397
arete	397
crimpy	397
thin	397
technical	397
crack	398
cruxy	398
thin	398
flake	398
crack	399
face	399
pocketed	400
technical	400
vertical	400
pumpy	400
bouldery	402
crack	403
dihedral	403
corner	403
sustained	403
bouldery	404
tricky	404
sustained	404
face	405
pumpy	406
crack	407
cruxy	407
chimney	407
stem	407
roof	408
dihedral	408
flake	408
cruxy	409
crimpy	409
slopers	409
flake	410
ledges	410
juggy	412
flake	412
face	413
roof	413
technical	413
balancy	413
balancy	414
roof	417
cruxy	418
bouldery	418
crack	419
face	419
off-width	419
roof	420
bouldery	421
face	422
roof	422
vertical	422
face	423
face	424
steep	424
juggy	424
arete	424
corner	424
stem	424
crack	425
chimney	425
thin	426
huecos	426
face	427
pinches	427
cruxy	429
face	429
roof	429
slabby	429
sustained	429
face	430
bouldery	431
flake	431
face	432
tricky	432
sequential	432
face	433
roof	433
pocketed	433
steep	433
bouldery	433
slabby	433
arete	433
thin	433
flake	433
huecos	433
technical	433
balancy	434
juggy	435
juggy	436
crimpy	436
chimney	437
face	438
slabby	439
arete	439
thin	439
sequential	439
face	440
roof	441
steep	441
cruxy	442
bouldery	442
huecos	442
pumpy	442
classic	442
face	443
steep	443
arete	443
slopers	444
undercling	444
face	445
steep	445
arete	445
huecos	445
steep	446
undercling	446
crack	447
cruxy	447
face	447
corner	447
technical	447
tricky	447
cruxy	448
roof	448
pocketed	448
bouldery	448
crimpy	448
huecos	448
pumpy	448
slopers	448
pocketed	449
bouldery	449
crimpy	449
powerful	449
bouldery	450
crimpy	450
flake	450
bouldery	451
thin	451
pumpy	451
steep	452
arete	452
crack	453
slabby	453
juggy	453
stem	453
pumpy	454
slopers	454
slabby	455
juggy	456
arete	456
crack	457
cruxy	457
pocketed	457
steep	457
juggy	457
crimpy	458
pumpy	458
face	459
chimney	459
sustained	459
crack	460
cruxy	460
pocketed	460
bouldery	460
crimpy	460
thin	460
vertical	460
classic	460
undercling	460
layback	460
cruxy	461
slopers	461
crack	462
face	462
slabby	462
dihedral	462
slopers	462
crack	463
cruxy	463
face	463
slabby	463
huecos	463
cruxy	464
face	464
bouldery	464
crack	465
steep	465
vertical	465
pumpy	465
sequential	465
cruxy	466
pocketed	466
crack	467
cruxy	467
steep	467
corner	467
slopers	467
stem	467
crack	468
cruxy	468
crack	469
crack	470
slabby	470
juggy	470
arete	470
thin	470
flake	470
pumpy	470
tricky	470
cruxy	471
roof	471
steep	471
bouldery	471
juggy	471
arete	471
dihedral	471
technical	471
pumpy	471
tricky	471
slopers	471
sequential	471
pinches	471
crack	472
face	472
steep	472
corner	472
flake	472
bouldery	473
crimpy	473
powerful	473
sequential	474
crack	475
roof	475
dihedral	475
face	476
classic	476
crack	477
steep	477
slabby	477
face	478
roof	478
pumpy	478
cruxy	479
face	479
roof	479
slabby	479
arete	479
crimpy	479
huecos	479
slopers	479
undercling	479
cruxy	480
thin	480
crack	481
cruxy	481
roof	481
pocketed	481
thin	481
pocketed	482
steep	482
juggy	482
sequential	482
steep	483
dihedral	483
ledges	483
sequential	483
powerful	483
vertical	484
pumpy	484
sequential	484
cruxy	485
steep	485
juggy	485
crimpy	485
thin	485
huecos	485
pumpy	485
roof	486
pumpy	486
tricky	486
bouldery	487
arete	488
cruxy	489
juggy	489
huecos	489
pumpy	489
classic	489
slopers	489
undercling	489
crack	490
slabby	490
huecos	490
slopers	490
pocketed	491
bouldery	491
thin	491
pumpy	491
sequential	491
cruxy	492
face	492
pocketed	492
steep	492
slabby	492
juggy	492
thin	492
flake	492
technical	492
classic	492
bouldery	493
cruxy	494
slopers	494
undercling	494
cruxy	495
steep	495
bouldery	496
crimpy	496
thin	496
slopers	496
pinches	496
cruxy	497
steep	497
slabby	497
crimpy	497
flake	497
huecos	497
pumpy	497
crack	498
cruxy	498
juggy	498
stem	498
cruxy	499
juggy	499
pumpy	499
classic	499
bouldery	500
thin	500
pumpy	500
sustained	500
pocketed	501
steep	501
vertical	501
cruxy	502
slopers	502
stem	502
bouldery	503
slabby	503
cruxy	504
face	504
pocketed	504
undercling	504
powerful	504
cruxy	505
juggy	505
pumpy	505
classic	505
undercling	505
corner	507
technical	507
stem	507
steep	508
huecos	508
slopers	508
cruxy	509
pocketed	509
bouldery	509
thin	509
technical	509
pumpy	509
sustained	509
face	510
vertical	510
cruxy	511
bouldery	511
huecos	511
pumpy	511
slopers	511
bouldery	512
slabby	512
dihedral	512
sustained	512
cruxy	513
bouldery	513
slabby	513
dihedral	513
technical	513
roof	514
pocketed	514
cruxy	515
cruxy	516
crimpy	516
pumpy	516
slabby	517
flake	517
cruxy	518
juggy	518
arete	518
face	519
roof	519
bouldery	519
huecos	519
sustained	519
balancy	519
face	520
pocketed	520
steep	520
bouldery	520
thin	520
face	521
cruxy	522
roof	522
juggy	522
corner	522
bouldery	524
juggy	524
roof	525
slabby	525
cruxy	526
pocketed	526
bouldery	526
crimpy	526
flake	526
cruxy	527
face	527
roof	527
cruxy	528
face	528
pocketed	528
steep	528
dihedral	528
flake	528
cruxy	529
slabby	529
thin	529
crack	530
slabby	530
dihedral	530
flake	530
cruxy	531
pocketed	531
juggy	531
bouldery	532
crack	533
face	533
crack	534
cruxy	534
pocketed	534
steep	534
slabby	534
corner	534
pumpy	534
classic	534
slopers	534
stem	534
pocketed	535
crimpy	535
cruxy	536
cruxy	537
face	537
steep	537
slabby	537
juggy	537
face	538
tricky	538
cruxy	539
cruxy	540
face	540
slabby	540
classic	540
roof	541
slabby	541
flake	541
vertical	541
balancy	541
face	542
steep	542
face	543
steep	543
bouldery	543
classic	543
crack	544
dihedral	544
face	545
vertical	545
crack	546
roof	547
pocketed	547
steep	547
bouldery	547
slabby	547
thin	547
flake	547
face	548
tricky	548
cruxy	549
juggy	549
cruxy	550
face	550
pocketed	550
crimpy	550
technical	550
vertical	550
tricky	550
sequential	550
bouldery	551
arete	551
dihedral	551
crimpy	551
huecos	551
technical	551
pumpy	551
pinches	551
roof	552
slabby	552
arete	552
slabby	553
vertical	553
crack	554
roof	554
pocketed	554
bouldery	554
corner	554
stem	554
cruxy	555
technical	555
tricky	555
powerful	555
pocketed	556
juggy	556
slabby	557
vertical	557
crack	558
face	558
slabby	558
dihedral	558
corner	558
cruxy	559
bouldery	559
pumpy	559
cruxy	560
pocketed	560
cruxy	561
pocketed	561
bouldery	561
pumpy	561
sustained	561
slabby	562
cruxy	564
cruxy	565
roof	565
cruxy	566
technical	566
cruxy	567
huecos	567
pocketed	568
ledges	568
crack	569
face	569
thin	569
corner	569
crack	570
juggy	572
flake	572
arete	573
face	574
pocketed	574
tricky	574
juggy	575
dihedral	576
crack	577
slabby	577
balancy	577
slabby	578
thin	578
technical	578
crack	579
face	579
roof	579
slabby	580
technical	580
arete	581
face	582
slabby	582
huecos	582
technical	582
cruxy	583
pocketed	583
bouldery	583
flake	583
undercling	583
pocketed	584
pumpy	584
pinches	584
cruxy	585
face	586
steep	586
bouldery	586
thin	586
technical	586
classic	586
balancy	586
crack	587
cruxy	587
slabby	587
juggy	587
crimpy	587
juggy	588
tricky	588
cruxy	589
face	589
slabby	589
corner	589
vertical	589
chimney	589
slopers	589
sequential	589
stem	589
pocketed	590
juggy	590
crack	591
face	591
steep	591
sustained	591
cruxy	592
pumpy	592
sequential	592
cruxy	594
bouldery	594
pumpy	594
cruxy	595
juggy	595
classic	595
huecos	596
sustained	596
cruxy	597
bouldery	597
huecos	597
cruxy	599
bouldery	599
huecos	599
pumpy	599
sustained	599
bouldery	600
vertical	600
cruxy	601
bouldery	601
cruxy	602
thin	602
chimney	602
cruxy	603
face	603
steep	603
bouldery	603
vertical	603
cruxy	604
vertical	604
sustained	604
cruxy	605
bouldery	609
cruxy	610
pocketed	610
crimpy	610
thin	610
technical	610
crack	611
pocketed	611
steep	611
bouldery	611
dihedral	611
thin	611
corner	611
pumpy	611
stem	611
cruxy	612
pocketed	612
cruxy	613
roof	613
bouldery	613
pumpy	613
powerful	613
face	614
pocketed	614
bouldery	614
crimpy	614
vertical	614
pocketed	615
thin	615
technical	615
classic	615
technical	616
steep	618
crack	620
steep	620
technical	620
pumpy	620
stem	620
cruxy	621
face	621
pocketed	621
steep	621
bouldery	621
juggy	621
thin	621
classic	621
slopers	621
sequential	621
roof	622
pocketed	622
cruxy	623
juggy	623
crimpy	623
pinches	623
cruxy	624
roof	624
pocketed	624
steep	624
bouldery	624
flake	624
huecos	624
tricky	624
roof	625
bouldery	625
crack	626
steep	626
vertical	626
stem	626
face	627
bouldery	627
pocketed	628
steep	628
crimpy	628
pumpy	628
slopers	628
face	629
juggy	629
roof	630
pocketed	630
juggy	630
balancy	630
roof	631
pocketed	631
face	632
roof	632
bouldery	632
arete	632
crack	633
steep	633
chimney	633
roof	634
dihedral	634
roof	635
crack	636
cruxy	636
corner	636
cruxy	637
bouldery	637
crack	638
dihedral	638
cruxy	639
pumpy	639
sequential	639
roof	640
pocketed	640
arete	640
crack	641
cruxy	641
face	641
corner	641
chimney	641
off-width	641
flake	642
arete	643
thin	643
pumpy	643
crack	644
crack	645
flake	645
crack	646
face	646
thin	646
face	647
sustained	647
crack	648
crack	649
face	649
arete	649
thin	649
off-width	649
crack	650
steep	650
crack	651
corner	651
cruxy	654
slabby	654
dihedral	654
layback	654
stem	654
crack	655
vertical	655
dihedral	656
flake	656
off-width	656
stem	656
crack	657
roof	657
bouldery	657
vertical	657
cruxy	658
face	658
bouldery	658
dihedral	658
thin	658
stem	658
crack	659
face	659
dihedral	659
thin	659
flake	659
off-width	660
crack	661
face	661
bouldery	661
flake	661
tricky	661
crack	662
bouldery	662
crack	663
off-width	663
crack	664
dihedral	664
chimney	664
off-width	664
crack	665
crack	666
dihedral	666
corner	666
flake	666
bouldery	667
arete	667
corner	667
undercling	668
cruxy	669
flake	669
bouldery	670
face	671
bouldery	671
arete	671
face	672
arete	672
face	707
bouldery	707
sequential	707
juggy	708
cruxy	709
face	709
pocketed	709
face	710
roof	710
juggy	710
crack	711
cruxy	711
face	711
roof	711
juggy	711
crack	712
cruxy	713
face	713
roof	713
vertical	713
crimpy	714
chimney	715
off-width	715
stem	715
technical	716
cruxy	717
face	717
bouldery	717
dihedral	717
pocketed	719
steep	719
juggy	719
technical	719
pumpy	719
classic	719
crack	720
roof	720
pumpy	721
tricky	721
classic	721
arete	722
balancy	722
crack	723
flake	723
crack	724
chimney	724
layback	724
face	725
slabby	725
crack	727
cruxy	727
slabby	727
crack	728
roof	728
dihedral	728
steep	729
arete	729
face	730
cruxy	731
face	731
arete	731
cruxy	732
face	732
roof	732
pocketed	732
sustained	732
crack	733
bouldery	733
steep	734
technical	734
balancy	734
steep	736
powerful	736
chimney	737
roof	738
cruxy	739
pumpy	739
ledges	739
face	740
roof	740
cruxy	741
roof	741
arete	741
bouldery	742
roof	743
pumpy	743
face	744
crimpy	744
roof	745
steep	746
bouldery	746
bouldery	747
dihedral	748
crimpy	748
thin	748
stem	748
cruxy	749
roof	749
arete	749
pumpy	749
slabby	751
bouldery	753
steep	754
bouldery	754
arete	754
powerful	754
face	755
dihedral	755
technical	755
pocketed	756
vertical	756
crimpy	757
thin	757
slopers	757
face	758
pocketed	758
dihedral	758
crack	759
cruxy	759
roof	759
steep	759
bouldery	759
slabby	759
ledges	759
crack	760
pumpy	760
layback	760
pocketed	761
steep	761
juggy	761
vertical	761
crack	762
thin	762
pocketed	763
steep	763
juggy	763
vertical	763
dihedral	764
chimney	764
stem	764
crack	765
slabby	765
flake	765
pocketed	766
technical	766
vertical	766
crack	767
roof	767
slabby	767
juggy	767
tricky	767
stem	767
crack	768
bouldery	768
powerful	768
bouldery	769
tricky	769
sequential	769
undercling	769
powerful	769
cruxy	770
face	770
huecos	770
cruxy	771
roof	771
juggy	772
huecos	772
bouldery	773
crimpy	773
slopers	773
balancy	773
roof	774
steep	774
juggy	774
face	775
roof	775
steep	775
arete	775
thin	775
cruxy	776
face	776
pocketed	776
huecos	776
cruxy	777
roof	777
cruxy	778
thin	778
bouldery	779
cruxy	780
thin	780
face	781
roof	781
bouldery	781
juggy	781
arete	781
pumpy	781
sequential	781
roof	782
steep	782
bouldery	782
balancy	782
roof	783
bouldery	783
thin	784
cruxy	786
technical	786
thin	787
slabby	788
tricky	788
face	789
slabby	789
cruxy	790
steep	790
huecos	790
pumpy	790
cruxy	791
face	791
roof	791
arete	791
crimpy	791
thin	791
pumpy	791
cruxy	792
steep	792
juggy	792
flake	792
bouldery	793
dihedral	793
thin	793
technical	793
face	794
thin	794
crack	795
bouldery	796
flake	796
pumpy	796
sequential	796
crack	797
corner	797
crack	798
cruxy	798
steep	798
arete	798
corner	798
pocketed	799
steep	799
crimpy	799
sustained	799
powerful	799
bouldery	800
arete	800
classic	800
face	801
roof	801
pocketed	801
steep	801
thin	801
huecos	801
cruxy	802
face	802
pocketed	802
bouldery	802
pumpy	802
cruxy	803
roof	803
pocketed	803
steep	803
juggy	803
flake	803
pumpy	803
classic	803
pocketed	804
steep	804
crimpy	804
thin	804
undercling	804
cruxy	805
face	805
pocketed	805
bouldery	805
crimpy	805
pumpy	805
tricky	805
powerful	805
slabby	806
slabby	807
slabby	808
arete	809
vertical	809
slabby	810
juggy	810
cruxy	811
face	811
cruxy	812
face	812
slabby	813
crack	814
bouldery	814
juggy	815
sequential	816
bouldery	818
chimney	819
pocketed	821
pumpy	821
pinches	821
undercling	821
cruxy	822
bouldery	823
thin	823
cruxy	824
arete	824
thin	824
face	825
cruxy	826
flake	827
chimney	827
pumpy	827
crack	828
face	828
dihedral	828
thin	828
corner	828
cruxy	829
slabby	829
cruxy	830
chimney	830
cruxy	831
balancy	831
dihedral	832
cruxy	833
thin	833
pocketed	834
bouldery	834
arete	834
thin	834
pumpy	834
slopers	834
pinches	834
powerful	834
roof	835
pocketed	835
dihedral	835
pumpy	835
classic	835
cruxy	836
pumpy	836
slopers	836
crack	837
juggy	837
dihedral	837
pumpy	837
cruxy	838
roof	838
juggy	838
pumpy	838
tricky	838
face	839
bouldery	839
crimpy	839
face	840
slabby	840
dihedral	840
crimpy	840
corner	840
cruxy	841
face	841
bouldery	841
juggy	841
sequential	841
undercling	841
powerful	841
cruxy	842
bouldery	842
crimpy	842
thin	842
flake	842
pumpy	842
pocketed	843
steep	843
juggy	843
flake	843
vertical	843
cruxy	844
roof	844
pocketed	844
steep	844
slabby	844
vertical	844
pumpy	844
tricky	844
sustained	844
face	845
crimpy	845
face	846
pocketed	846
crack	847
pocketed	847
slabby	847
slopers	847
slabby	848
juggy	848
pocketed	849
tricky	850
crack	851
dihedral	851
thin	851
ledges	851
roof	852
slabby	853
pocketed	854
technical	854
pumpy	854
tricky	854
roof	856
dihedral	856
stem	856
crack	857
cruxy	857
roof	858
slabby	858
cruxy	859
cruxy	860
slabby	861
arete	861
cruxy	862
bouldery	862
flake	863
face	864
cruxy	865
pocketed	865
steep	865
crimpy	865
technical	865
slopers	865
slabby	866
cruxy	867
juggy	867
pocketed	868
slabby	868
pinches	868
cruxy	869
juggy	869
thin	869
sustained	869
chimney	870
face	871
pumpy	871
classic	871
roof	872
slabby	872
arete	872
slabby	873
juggy	873
technical	873
bouldery	874
crimpy	874
thin	874
huecos	874
technical	874
pumpy	874
tricky	874
undercling	874
cruxy	875
juggy	875
crimpy	875
pumpy	875
cruxy	876
bouldery	876
slabby	876
juggy	876
crimpy	876
cruxy	877
crack	878
face	878
roof	878
arete	878
chimney	878
off-width	878
thin	879
cruxy	880
thin	880
balancy	880
thin	881
cruxy	882
huecos	882
tricky	882
flake	883
crack	884
cruxy	884
arete	885
tricky	885
balancy	885
face	886
pocketed	886
face	887
slabby	887
thin	887
ledges	887
chimney	888
face	889
roof	889
pocketed	889
crimpy	889
chimney	889
face	890
roof	890
juggy	890
crack	891
chimney	891
crack	894
cruxy	894
roof	894
crimpy	894
thin	894
slopers	894
crack	895
roof	895
juggy	895
balancy	895
roof	896
arete	896
cruxy	897
face	897
roof	897
steep	897
slabby	897
arete	897
tricky	898
crack	899
vertical	899
steep	900
slabby	900
thin	900
technical	900
crack	901
stem	901
face	902
pocketed	902
pumpy	902
tricky	902
crack	907
crimpy	908
cruxy	909
roof	909
juggy	909
thin	910
balancy	910
thin	912
face	913
roof	913
face	914
juggy	914
arete	915
sequential	915
cruxy	916
roof	916
crack	917
cruxy	917
roof	917
juggy	917
cruxy	918
roof	918
crimpy	918
technical	918
slopers	918
sustained	918
slabby	919
juggy	919
cruxy	920
juggy	920
thin	920
tricky	920
crack	921
cruxy	921
face	921
roof	921
dihedral	921
flake	921
cruxy	922
steep	922
juggy	922
technical	922
tricky	923
thin	924
crack	927
dihedral	927
corner	927
face	928
steep	928
bouldery	928
cruxy	929
roof	929
juggy	929
thin	929
technical	929
slopers	929
face	930
pocketed	930
steep	930
face	931
slabby	931
face	932
slabby	932
face	933
pocketed	934
arete	934
roof	935
tricky	935
face	938
bouldery	940
thin	940
balancy	940
dihedral	941
face	942
roof	942
crack	943
cruxy	943
steep	943
bouldery	943
juggy	943
dihedral	943
pumpy	943
pocketed	944
crack	945
cruxy	945
steep	945
technical	945
bouldery	946
cruxy	949
crack	950
steep	950
slabby	950
thin	950
crack	951
cruxy	952
roof	952
dihedral	952
bouldery	953
arete	953
crack	954
flake	955
crack	956
thin	956
crack	957
thin	957
corner	957
layback	957
roof	958
bouldery	958
flake	958
roof	959
cruxy	960
pocketed	960
crack	961
stem	961
crack	962
stem	962
steep	964
slabby	964
balancy	964
pocketed	965
undercling	965
bouldery	966
roof	967
steep	967
slabby	967
vertical	967
roof	968
bouldery	968
juggy	969
roof	970
slabby	970
crack	971
roof	971
dihedral	971
slabby	972
corner	972
face	973
juggy	973
thin	973
cruxy	974
steep	974
slabby	974
undercling	974
powerful	974
face	975
bouldery	975
cruxy	976
pocketed	976
face	980
thin	980
juggy	981
vertical	981
slopers	981
pocketed	982
steep	982
juggy	982
arete	982
pumpy	982
ledges	982
face	983
bouldery	983
dihedral	983
crack	984
cruxy	985
face	985
roof	985
steep	985
bouldery	985
slopers	985
cruxy	986
face	987
undercling	987
cruxy	988
roof	988
steep	988
bouldery	988
pumpy	988
bouldery	989
arete	990
roof	991
steep	991
cruxy	993
thin	993
flake	995
thin	996
face	997
arete	997
crack	998
cruxy	998
steep	998
bouldery	998
juggy	998
dihedral	998
pumpy	998
crack	999
cruxy	999
face	999
pocketed	999
steep	999
bouldery	999
juggy	999
thin	999
cruxy	1000
arete	1001
corner	1001
chimney	1001
bouldery	1002
flake	1003
cruxy	1005
roof	1005
pocketed	1005
steep	1005
bouldery	1005
crimpy	1005
pumpy	1005
face	1006
juggy	1006
technical	1006
slopers	1006
balancy	1006
cruxy	1007
crack	1008
face	1008
steep	1008
flake	1008
juggy	1009
thin	1009
cruxy	1010
pocketed	1010
steep	1010
pumpy	1010
crack	1011
steep	1014
pumpy	1014
classic	1014
flake	1015
classic	1015
cruxy	1016
steep	1016
undercling	1018
slopers	1019
thin	1020
bouldery	1021
cruxy	1023
juggy	1023
thin	1023
crack	1024
face	1024
slabby	1025
thin	1025
cruxy	1026
huecos	1026
pumpy	1026
tricky	1026
dihedral	1027
corner	1027
roof	1028
thin	1030
huecos	1030
dihedral	1031
chimney	1031
steep	1032
classic	1033
balancy	1035
cruxy	1037
crack	1038
slabby	1038
crimpy	1038
crack	1040
slabby	1040
thin	1040
pocketed	1041
crack	1042
dihedral	1042
thin	1042
tricky	1042
crack	1043
cruxy	1043
dihedral	1043
crack	1044
dihedral	1044
crack	1045
face	1045
thin	1045
face	1046
corner	1046
crack	1047
face	1047
steep	1047
bouldery	1047
arete	1047
cruxy	1069
pocketed	1069
juggy	1069
cruxy	1070
face	1070
crimpy	1070
vertical	1070
face	1071
steep	1071
vertical	1071
cruxy	1072
face	1072
slabby	1072
steep	1073
bouldery	1073
juggy	1073
corner	1073
cruxy	1074
face	1074
roof	1074
roof	1075
crimpy	1075
vertical	1075
steep	1076
juggy	1076
sustained	1076
steep	1077
bouldery	1077
face	1078
classic	1078
sustained	1078
flake	1079
huecos	1079
crack	1080
face	1080
arete	1080
face	1081
slabby	1081
huecos	1081
face	1082
steep	1082
slabby	1082
juggy	1082
crack	1083
roof	1083
juggy	1083
dihedral	1083
undercling	1083
crack	1084
face	1084
roof	1084
slabby	1084
chimney	1084
cruxy	1085
steep	1086
crack	1087
dihedral	1087
stem	1087
crack	1088
slabby	1088
slabby	1089
crack	1090
face	1090
bouldery	1091
huecos	1091
arete	1092
technical	1092
balancy	1092
crack	1093
layback	1093
face	1094
roof	1094
bouldery	1094
slabby	1094
juggy	1094
crimpy	1094
slopers	1094
undercling	1094
slabby	1095
slabby	1096
technical	1096
vertical	1096
cruxy	1097
slabby	1097
thin	1097
face	1098
slabby	1098
vertical	1098
slabby	1099
technical	1099
technical	1100
tricky	1100
classic	1100
technical	1101
tricky	1101
crack	1102
cruxy	1102
face	1102
slabby	1102
face	1103
bouldery	1103
crimpy	1103
technical	1103
sustained	1103
crack	1104
cruxy	1104
slabby	1105
bouldery	1106
bouldery	1107
roof	1108
juggy	1108
face	1109
roof	1109
pocketed	1109
juggy	1109
pumpy	1109
pinches	1109
face	1110
roof	1110
crack	1111
juggy	1111
pumpy	1111
crack	1112
face	1112
bouldery	1112
vertical	1113
slopers	1113
face	1114
bouldery	1114
bouldery	1115
juggy	1115
pumpy	1115
cruxy	1116
slabby	1116
juggy	1116
tricky	1116
sustained	1116
face	1117
pocketed	1117
sustained	1117
bouldery	1118
juggy	1118
arete	1118
cruxy	1120
roof	1120
steep	1120
cruxy	1121
dihedral	1121
pumpy	1121
stem	1121
dihedral	1122
crimpy	1122
dihedral	1123
stem	1123
roof	1124
face	1126
flake	1126
technical	1126
sustained	1126
face	1127
ledges	1127
sustained	1127
face	1128
cruxy	1129
face	1129
bouldery	1129
juggy	1129
arete	1129
crimpy	1129
pumpy	1129
steep	1130
bouldery	1130
pumpy	1130
slabby	1131
classic	1131
thin	1132
steep	1133
bouldery	1133
powerful	1133
vertical	1134
pumpy	1134
cruxy	1135
bouldery	1135
juggy	1136
cruxy	1137
face	1137
slabby	1137
slabby	1139
tricky	1139
crack	1140
chimney	1140
face	1141
pumpy	1141
cruxy	1142
slabby	1142
huecos	1142
slabby	1143
roof	1144
bouldery	1144
slabby	1144
slabby	1145
huecos	1145
technical	1145
tricky	1145
sequential	1145
slabby	1146
roof	1147
pocketed	1147
steep	1147
face	1148
chimney	1148
crack	1149
slabby	1150
huecos	1150
roof	1151
face	1153
cruxy	1154
face	1154
pocketed	1154
slabby	1154
crimpy	1154
flake	1154
huecos	1154
cruxy	1155
huecos	1155
sequential	1155
pocketed	1156
huecos	1156
pocketed	1157
bouldery	1157
stem	1157
cruxy	1158
face	1158
pocketed	1158
juggy	1158
dihedral	1158
crimpy	1158
arete	1159
huecos	1159
juggy	1160
cruxy	1161
thin	1161
bouldery	1162
undercling	1162
crack	1163
cruxy	1163
crack	1164
sustained	1164
crack	1165
cruxy	1165
face	1165
steep	1165
slabby	1165
cruxy	1166
cruxy	1167
face	1167
bouldery	1167
vertical	1167
juggy	1168
thin	1168
undercling	1168
steep	1169
crimpy	1170
huecos	1170
balancy	1170
cruxy	1171
pocketed	1171
cruxy	1172
slabby	1172
face	1173
crimpy	1173
thin	1173
huecos	1173
vertical	1173
undercling	1173
stem	1173
crimpy	1174
cruxy	1175
juggy	1175
arete	1175
huecos	1176
cruxy	1177
bouldery	1177
tricky	1177
classic	1177
roof	1178
dihedral	1178
thin	1178
huecos	1178
undercling	1178
cruxy	1179
roof	1179
steep	1179
bouldery	1179
juggy	1179
bouldery	1180
huecos	1180
vertical	1180
pumpy	1180
sustained	1180
cruxy	1181
face	1181
roof	1181
pocketed	1181
bouldery	1181
juggy	1181
huecos	1181
cruxy	1183
bouldery	1183
juggy	1183
crack	1184
slabby	1184
slabby	1185
thin	1185
slabby	1186
juggy	1186
crimpy	1186
flake	1187
huecos	1187
pumpy	1187
sequential	1187
steep	1188
dihedral	1188
cruxy	1189
face	1189
roof	1189
juggy	1189
crimpy	1189
slopers	1189
sequential	1189
pumpy	1190
pumpy	1191
crack	1192
dihedral	1192
huecos	1192
bouldery	1193
corner	1193
stem	1193
pocketed	1194
undercling	1194
steep	1196
bouldery	1196
arete	1196
pumpy	1196
flake	1197
roof	1198
juggy	1198
cruxy	1199
roof	1199
crimpy	1199
sequential	1199
undercling	1199
slabby	1200
bouldery	1201
pumpy	1201
arete	1202
cruxy	1203
slabby	1203
pocketed	1204
bouldery	1204
huecos	1205
slabby	1206
crack	1207
cruxy	1207
dihedral	1207
steep	1208
arete	1208
sequential	1208
undercling	1208
face	1209
juggy	1209
juggy	1210
pocketed	1212
steep	1212
bouldery	1212
juggy	1212
flake	1212
pinches	1212
crack	1213
corner	1213
vertical	1214
bouldery	1215
tricky	1215
bouldery	1216
huecos	1216
roof	1217
dihedral	1217
vertical	1217
juggy	1218
undercling	1218
bouldery	1219
slabby	1219
juggy	1219
ledges	1219
steep	1220
thin	1220
technical	1220
chimney	1220
ledges	1220
bouldery	1221
technical	1221
crack	1222
face	1222
pumpy	1222
cruxy	1223
thin	1223
technical	1223
vertical	1223
cruxy	1224
face	1224
roof	1224
pocketed	1224
thin	1224
crack	1225
cruxy	1225
juggy	1225
vertical	1225
face	1226
technical	1226
crimpy	1227
thin	1227
tricky	1227
sequential	1227
cruxy	1228
pocketed	1228
slopers	1228
powerful	1228
crack	1230
bouldery	1231
pinches	1231
thin	1232
cruxy	1233
roof	1233
juggy	1233
flake	1233
ledges	1233
face	1234
roof	1234
pocketed	1234
steep	1234
bouldery	1234
crimpy	1234
pumpy	1234
classic	1234
sequential	1234
cruxy	1235
pocketed	1235
bouldery	1235
thin	1235
pumpy	1235
tricky	1235
classic	1235
roof	1236
steep	1236
pocketed	1237
technical	1237
undercling	1237
cruxy	1238
roof	1238
bouldery	1238
crimpy	1238
slopers	1238
undercling	1238
face	1239
arete	1239
technical	1239
crimpy	1240
vertical	1240
pumpy	1241
pumpy	1242
crack	1243
cruxy	1243
pocketed	1243
pumpy	1243
undercling	1243
bouldery	1244
juggy	1244
pumpy	1244
crack	1245
face	1245
vertical	1245
sustained	1245
crimpy	1246
thin	1246
pocketed	1247
steep	1247
juggy	1249
thin	1249
flake	1249
pumpy	1249
steep	1250
thin	1250
pumpy	1252
cruxy	1254
roof	1254
pocketed	1254
steep	1254
bouldery	1254
crimpy	1254
pumpy	1254
pocketed	1255
cruxy	1256
roof	1256
pocketed	1256
balancy	1256
face	1257
pocketed	1257
pumpy	1257
bouldery	1258
tricky	1258
classic	1258
sustained	1258
huecos	1259
pumpy	1259
thin	1260
technical	1260
pocketed	1261
steep	1261
crimpy	1261
cruxy	1262
face	1262
juggy	1262
arete	1262
crack	1263
dihedral	1263
layback	1263
cruxy	1264
face	1264
juggy	1264
pumpy	1265
steep	1267
bouldery	1268
steep	1269
juggy	1269
vertical	1269
bouldery	1270
juggy	1270
crack	1271
bouldery	1271
slabby	1271
dihedral	1271
cruxy	1272
pocketed	1272
steep	1273
cruxy	1274
steep	1274
bouldery	1274
slabby	1274
crack	1275
face	1275
dihedral	1275
thin	1275
bouldery	1276
vertical	1276
steep	1277
juggy	1277
sustained	1278
off-width	1279
cruxy	1280
face	1280
bouldery	1280
face	1281
face	1282
pocketed	1282
huecos	1282
crack	1283
steep	1283
bouldery	1283
juggy	1283
face	1284
pumpy	1284
face	1285
steep	1285
slabby	1285
crimpy	1285
face	1286
pocketed	1286
steep	1286
bouldery	1286
powerful	1286
cruxy	1287
slabby	1287
arete	1287
vertical	1287
tricky	1287
juggy	1288
face	1289
roof	1290
powerful	1290
face	1291
pocketed	1291
steep	1291
crimpy	1291
sustained	1291
crack	1292
face	1292
roof	1292
chimney	1292
steep	1293
undercling	1293
powerful	1293
steep	1294
face	1295
steep	1295
arete	1295
thin	1295
flake	1295
technical	1295
stem	1295
face	1296
bouldery	1296
slabby	1296
crimpy	1296
thin	1296
corner	1296
tricky	1296
sequential	1296
stem	1296
cruxy	1297
face	1297
roof	1297
huecos	1297
cruxy	1298
arete	1298
dihedral	1298
technical	1298
face	1299
roof	1299
pocketed	1299
arete	1299
crack	1300
corner	1300
cruxy	1301
dihedral	1301
corner	1301
corner	1302
crack	1303
roof	1303
bouldery	1303
tricky	1303
slopers	1303
cruxy	1304
arete	1304
stem	1304
powerful	1304
crack	1305
stem	1305
pocketed	1306
steep	1306
steep	1307
cruxy	1308
pocketed	1308
technical	1308
pumpy	1308
crack	1309
thin	1309
corner	1309
pinches	1310
crack	1311
cruxy	1311
pocketed	1311
pumpy	1311
undercling	1311
steep	1313
thin	1313
face	1314
roof	1314
thin	1314
corner	1314
stem	1314
dihedral	1315
pumpy	1315
face	1316
pocketed	1318
steep	1318
cruxy	1319
pocketed	1319
steep	1319
pumpy	1319
cruxy	1320
roof	1320
steep	1320
juggy	1320
dihedral	1320
pumpy	1320
tricky	1320
slopers	1320
bouldery	1321
crimpy	1321
sustained	1321
cruxy	1322
pocketed	1322
juggy	1322
arete	1322
thin	1322
technical	1322
classic	1322
sequential	1322
roof	1324
slabby	1324
steep	1325
pinches	1325
powerful	1325
bouldery	1326
cruxy	1327
pocketed	1327
slabby	1327
undercling	1327
steep	1328
pumpy	1328
slopers	1328
face	1329
thin	1329
chimney	1329
crack	1330
cruxy	1331
pumpy	1331
cruxy	1332
bouldery	1332
slabby	1332
juggy	1332
arete	1332
dihedral	1332
thin	1332
technical	1332
vertical	1332
classic	1332
sustained	1332
balancy	1332
crack	1333
thin	1333
corner	1333
chimney	1333
cruxy	1334
pocketed	1334
steep	1334
arete	1334
pumpy	1334
face	1335
pocketed	1335
classic	1335
undercling	1335
cruxy	1336
roof	1336
slabby	1336
dihedral	1336
chimney	1336
crack	1337
cruxy	1337
roof	1337
dihedral	1338
stem	1338
crack	1339
crack	1340
cruxy	1340
corner	1340
sustained	1340
layback	1340
crack	1341
cruxy	1341
corner	1341
layback	1341
crack	1342
cruxy	1342
roof	1342
steep	1342
thin	1342
corner	1342
pumpy	1342
stem	1342
crack	1343
slopers	1343
crack	1345
face	1345
tricky	1345
stem	1345
crack	1346
roof	1346
dihedral	1346
flake	1346
face	1347
bouldery	1347
crack	1348
face	1348
bouldery	1348
slabby	1348
arete	1348
dihedral	1349
thin	1349
flake	1349
crack	1350
cruxy	1350
dihedral	1350
crack	1351
face	1351
dihedral	1351
face	1352
pocketed	1352
bouldery	1352
crack	1353
vertical	1353
crack	1354
roof	1354
dihedral	1354
chimney	1354
crack	1355
chimney	1355
off-width	1355
face	1356
roof	1356
dihedral	1356
chimney	1356
steep	1358
dihedral	1358
corner	1358
flake	1358
stem	1358
crack	1359
roof	1359
dihedral	1359
bouldery	1360
thin	1360
bouldery	1361
chimney	1361
crack	1362
bouldery	1363
bouldery	1364
crack	1365
dihedral	1365
corner	1367
classic	1367
stem	1367
stem	1368
crack	1369
steep	1369
roof	1370
dihedral	1370
face	1371
dihedral	1371
stem	1371
crack	1372
off-width	1372
cruxy	1373
steep	1373
sequential	1373
cruxy	1374
thin	1374
tricky	1374
cruxy	1375
corner	1375
flake	1375
crack	1376
pocketed	1376
bouldery	1376
corner	1376
stem	1376
roof	1377
juggy	1377
crack	1378
face	1378
bouldery	1378
slabby	1378
crack	1379
cruxy	1379
face	1379
roof	1379
chimney	1379
face	1380
arete	1380
crack	1381
face	1381
dihedral	1381
thin	1381
stem	1381
corner	1382
thin	1383
balancy	1383
crimpy	1384
sustained	1384
cruxy	1385
face	1385
steep	1385
thin	1385
bouldery	1386
powerful	1386
cruxy	1387
technical	1387
balancy	1388
chimney	1389
crack	1390
face	1390
corner	1390
pumpy	1390
crack	1391
cruxy	1392
roof	1392
corner	1392
cruxy	1393
steep	1393
bouldery	1393
thin	1393
balancy	1393
bouldery	1394
slabby	1394
thin	1394
slopers	1394
cruxy	1395
roof	1395
corner	1395
pumpy	1395
powerful	1395
crack	1396
corner	1396
classic	1396
stem	1396
face	1397
crack	1398
cruxy	1398
roof	1398
thin	1398
flake	1398
off-width	1398
stem	1398
cruxy	1399
bouldery	1399
arete	1399
tricky	1399
pocketed	1400
crack	1401
cruxy	1401
flake	1401
cruxy	1402
balancy	1402
crack	1403
ledges	1403
off-width	1403
cruxy	1404
face	1404
crack	1405
cruxy	1405
thin	1405
crack	1406
roof	1406
arete	1406
dihedral	1406
classic	1406
stem	1406
cruxy	1407
face	1407
steep	1407
bouldery	1407
cruxy	1409
pocketed	1409
steep	1409
cruxy	1410
pocketed	1410
steep	1410
corner	1410
cruxy	1411
bouldery	1411
juggy	1411
crimpy	1411
pumpy	1411
sequential	1411
crack	1412
cruxy	1413
bouldery	1413
pocketed	1414
crimpy	1414
thin	1414
pocketed	1416
bouldery	1416
crimpy	1416
slopers	1416
bouldery	1417
thin	1417
cruxy	1418
pumpy	1418
arete	1419
cruxy	1422
pocketed	1422
slopers	1422
cruxy	1423
arete	1423
classic	1423
sequential	1423
balancy	1423
cruxy	1424
pocketed	1424
bouldery	1424
classic	1424
pumpy	1425
cruxy	1426
face	1426
pocketed	1426
technical	1426
cruxy	1427
bouldery	1427
arete	1427
crack	1428
bouldery	1428
crimpy	1428
chimney	1428
crack	1430
bouldery	1430
crack	1431
bouldery	1431
thin	1431
crack	1432
roof	1432
juggy	1432
arete	1432
crack	1433
layback	1433
crack	1434
off-width	1434
crack	1435
dihedral	1435
crack	1436
face	1436
flake	1436
crack	1437
crack	1438
face	1438
roof	1438
corner	1438
chimney	1438
crack	1439
roof	1439
crack	1440
roof	1440
bouldery	1440
bouldery	1441
corner	1441
flake	1441
stem	1441
crack	1442
face	1442
crack	1443
face	1443
chimney	1443
dihedral	1444
crack	1445
flake	1445
classic	1445
balancy	1445
dihedral	1446
thin	1446
vertical	1446
crack	1447
crack	1448
face	1448
flake	1448
crack	1450
face	1450
bouldery	1450
thin	1450
layback	1450
face	1452
thin	1452
crack	1453
thin	1453
crack	1455
roof	1455
thin	1455
chimney	1455
off-width	1455
crack	1456
face	1456
roof	1456
corner	1456
roof	1457
chimney	1457
crack	1458
roof	1458
off-width	1458
crack	1459
roof	1459
slabby	1459
crack	1460
stem	1460
crack	1461
corner	1461
crack	1462
roof	1462
chimney	1462
ledges	1462
stem	1462
crack	1463
face	1463
stem	1463
face	1464
bouldery	1464
thin	1464
stem	1464
crack	1465
face	1465
thin	1465
stem	1465
crack	1466
face	1466
crack	1467
off-width	1467
face	1468
dihedral	1468
face	1469
bouldery	1470
roof	1472
slopers	1472
chimney	1473
face	1474
slabby	1474
tricky	1474
ledges	1474
face	1475
slabby	1475
corner	1475
technical	1475
crack	1476
huecos	1476
face	1477
crack	1478
face	1478
crack	1479
steep	1479
dihedral	1479
chimney	1479
tricky	1479
crack	1480
face	1480
dihedral	1480
thin	1480
chimney	1480
classic	1480
layback	1480
crack	1481
dihedral	1481
chimney	1481
off-width	1481
crack	1482
face	1482
slabby	1482
flake	1482
cruxy	1483
face	1483
pocketed	1483
dihedral	1483
technical	1483
balancy	1483
crack	1484
dihedral	1484
cruxy	1485
slabby	1485
thin	1485
thin	1486
crack	1487
corner	1487
sustained	1487
stem	1487
crimpy	1488
pumpy	1488
tricky	1488
sequential	1488
cruxy	1489
face	1489
slabby	1489
vertical	1489
balancy	1489
steep	1490
corner	1490
chimney	1490
stem	1490
roof	1491
steep	1491
slabby	1491
steep	1492
pumpy	1492
thin	1493
cruxy	1494
face	1494
pocketed	1494
crack	1495
face	1495
thin	1495
flake	1495
thin	1496
corner	1496
flake	1496
crack	1497
slabby	1497
huecos	1497
crack	1498
corner	1498
steep	1499
crimpy	1499
huecos	1499
vertical	1499
sustained	1499
cruxy	1500
face	1500
thin	1500
huecos	1500
undercling	1500
crack	1501
slabby	1501
pocketed	1502
crimpy	1502
sequential	1502
face	1503
bouldery	1503
balancy	1504
cruxy	1505
vertical	1507
face	1508
pocketed	1508
cruxy	1509
roof	1509
steep	1509
pumpy	1509
tricky	1509
undercling	1509
cruxy	1510
pocketed	1510
roof	1511
pocketed	1511
slabby	1511
flake	1511
arete	1512
crimpy	1512
pinches	1512
face	1513
steep	1513
crack	1514
dihedral	1514
stem	1514
crack	1515
cruxy	1515
roof	1515
pocketed	1515
bouldery	1515
crimpy	1515
crack	1516
face	1516
roof	1516
slabby	1516
cruxy	1517
juggy	1517
pumpy	1517
bouldery	1518
pumpy	1518
sequential	1518
crack	1519
face	1520
steep	1520
bouldery	1520
crack	1521
cruxy	1521
pocketed	1521
thin	1521
cruxy	1522
steep	1522
bouldery	1522
tricky	1522
crack	1523
pocketed	1524
face	1525
roof	1525
bouldery	1525
arete	1525
juggy	1526
slopers	1526
slopers	1528
powerful	1528
cruxy	1529
face	1529
slabby	1529
balancy	1529
crack	1530
cruxy	1530
dihedral	1530
layback	1530
face	1531
vertical	1532
ledges	1532
cruxy	1533
roof	1533
slabby	1533
technical	1533
slopers	1533
vertical	1534
dihedral	1535
layback	1535
stem	1535
dihedral	1536
classic	1536
crack	1537
flake	1537
stem	1537
face	1538
bouldery	1538
arete	1538
tricky	1538
balancy	1538
thin	1539
cruxy	1540
pocketed	1540
technical	1540
crack	1541
roof	1541
bouldery	1541
flake	1541
pocketed	1542
dihedral	1542
vertical	1542
pumpy	1542
crack	1543
cruxy	1543
crack	1544
face	1545
slabby	1545
juggy	1545
arete	1545
corner	1545
pumpy	1545
cruxy	1546
pocketed	1546
bouldery	1546
thin	1546
corner	1546
vertical	1546
pumpy	1546
classic	1546
slopers	1546
cruxy	1547
bouldery	1547
slabby	1547
cruxy	1548
pocketed	1548
crimpy	1548
sustained	1548
cruxy	1549
face	1549
steep	1549
technical	1549
pumpy	1549
crack	1550
thin	1550
pocketed	1551
crimpy	1551
classic	1551
cruxy	1552
bouldery	1552
dihedral	1552
stem	1552
face	1553
pocketed	1553
vertical	1553
pumpy	1553
classic	1553
crack	1554
cruxy	1554
steep	1554
thin	1554
corner	1554
layback	1554
stem	1554
pocketed	1555
pumpy	1555
classic	1555
cruxy	1557
slabby	1557
cruxy	1558
face	1558
pocketed	1558
bouldery	1558
slabby	1558
juggy	1558
thin	1558
technical	1558
tricky	1558
face	1559
roof	1559
arete	1559
cruxy	1560
pocketed	1560
slabby	1560
crack	1561
flake	1561
cruxy	1562
roof	1562
pocketed	1562
dihedral	1562
technical	1562
vertical	1562
pumpy	1562
sequential	1562
crack	1563
cruxy	1563
steep	1563
dihedral	1563
thin	1563
crack	1564
face	1564
cruxy	1565
thin	1565
ledges	1565
crack	1566
corner	1566
pumpy	1566
sustained	1566
pocketed	1568
arete	1568
slopers	1568
cruxy	1569
pocketed	1570
slabby	1570
pocketed	1571
bouldery	1571
huecos	1571
arete	1572
face	1573
bouldery	1573
slabby	1573
arete	1573
chimney	1573
crack	1574
cruxy	1574
stem	1574
crack	1575
corner	1575
cruxy	1576
roof	1576
corner	1576
stem	1576
crack	1577
cruxy	1577
face	1577
steep	1577
arete	1577
flake	1577
face	1578
bouldery	1578
dihedral	1578
thin	1578
off-width	1578
crack	1579
cruxy	1579
roof	1579
corner	1579
flake	1579
stem	1579
crack	1580
dihedral	1580
crack	1581
steep	1581
corner	1581
layback	1581
crack	1582
cruxy	1582
thin	1582
off-width	1583
crack	1584
crack	1585
crack	1587
thin	1587
corner	1587
tricky	1587
ledges	1587
sequential	1587
stem	1587
roof	1588
dihedral	1588
crack	1590
cruxy	1590
steep	1590
dihedral	1590
stem	1590
crack	1591
cruxy	1591
dihedral	1591
thin	1591
crack	1593
cruxy	1593
crack	1594
roof	1594
steep	1594
crack	1595
cruxy	1595
face	1595
slabby	1595
dihedral	1595
classic	1596
face	1597
bouldery	1597
arete	1597
face	1598
bouldery	1598
arete	1598
face	1599
bouldery	1599
flake	1599
slopers	1599
bouldery	1600
arete	1600
face	1601
slabby	1601
corner	1601
slopers	1601
thin	1602
crack	1603
face	1603
dihedral	1603
vertical	1603
bouldery	1604
slabby	1604
thin	1604
corner	1604
slopers	1604
cruxy	1605
face	1605
bouldery	1605
face	1606
flake	1606
face	1607
bouldery	1607
crimpy	1607
face	1608
bouldery	1608
thin	1608
ledges	1608
face	1609
pocketed	1609
slabby	1609
thin	1609
face	1610
slabby	1610
arete	1610
vertical	1610
face	1611
face	1612
steep	1612
arete	1612
face	1613
thin	1613
cruxy	1614
pocketed	1615
bouldery	1615
tricky	1615
crack	1616
slabby	1616
thin	1616
face	1617
crack	1618
bouldery	1618
tricky	1618
face	1619
slopers	1619
crack	1620
dihedral	1620
stem	1620
crack	1621
bouldery	1621
thin	1621
bouldery	1622
thin	1622
corner	1622
undercling	1622
crack	1623
face	1623
dihedral	1623
flake	1623
ledges	1623
stem	1623
cruxy	1624
vertical	1624
balancy	1624
steep	1625
bouldery	1625
cruxy	1626
slabby	1626
classic	1626
steep	1627
thin	1627
vertical	1627
slabby	1628
juggy	1628
thin	1628
crack	1629
face	1629
flake	1629
vertical	1629
cruxy	1630
steep	1630
undercling	1630
layback	1630
roof	1631
thin	1631
crack	1632
classic	1632
crack	1634
thin	1634
technical	1634
classic	1634
cruxy	1635
steep	1635
bouldery	1635
pumpy	1635
cruxy	1636
pocketed	1636
steep	1636
slabby	1636
juggy	1636
thin	1636
technical	1636
pumpy	1636
sustained	1636
undercling	1636
crack	1637
cruxy	1637
bouldery	1637
thin	1637
corner	1637
balancy	1637
cruxy	1638
slabby	1638
juggy	1638
crack	1639
cruxy	1639
face	1639
dihedral	1639
face	1640
bouldery	1640
slabby	1640
classic	1640
cruxy	1641
face	1641
flake	1641
vertical	1641
tricky	1641
pocketed	1642
crimpy	1642
slopers	1642
cruxy	1643
bouldery	1643
corner	1643
stem	1643
face	1644
juggy	1644
crack	1645
face	1645
pocketed	1645
arete	1645
dihedral	1645
flake	1645
crack	1646
roof	1646
chimney	1646
undercling	1646
cruxy	1647
face	1647
pocketed	1647
steep	1647
arete	1647
tricky	1647
sequential	1647
face	1648
flake	1648
crack	1649
corner	1649
corner	1650
stem	1650
cruxy	1651
slabby	1651
technical	1651
crack	1652
cruxy	1652
pumpy	1652
crack	1653
dihedral	1653
crack	1654
bouldery	1654
slabby	1654
arete	1654
dihedral	1654
ledges	1654
corner	1655
off-width	1655
crack	1656
crack	1657
chimney	1657
off-width	1657
undercling	1657
layback	1657
crack	1658
cruxy	1658
face	1658
crack	1659
juggy	1659
arete	1659
flake	1660
crack	1661
dihedral	1661
stem	1661
crack	1662
face	1662
bouldery	1662
thin	1662
crack	1663
slabby	1663
flake	1663
cruxy	1664
face	1664
steep	1664
corner	1664
pumpy	1664
tricky	1664
crack	1665
crack	1666
cruxy	1666
face	1667
juggy	1667
tricky	1667
face	1668
flake	1668
steep	1669
dihedral	1669
layback	1669
crack	1670
crack	1671
layback	1671
stem	1671
crack	1672
cruxy	1672
roof	1672
slabby	1672
thin	1672
dihedral	1673
crack	1674
cruxy	1674
face	1674
bouldery	1674
face	1675
crack	1676
face	1676
roof	1678
slopers	1678
off-width	1678
roof	1751
bouldery	1751
off-width	1751
undercling	1751
face	1752
pocketed	1752
arete	1752
crimpy	1752
thin	1752
face	1753
bouldery	1753
huecos	1754
crack	1755
thin	1755
cruxy	1756
roof	1756
steep	1756
juggy	1756
pinches	1756
powerful	1756
cruxy	1757
crimpy	1757
roof	1758
pocketed	1758
steep	1758
bouldery	1758
crimpy	1758
flake	1758
classic	1758
bouldery	1759
face	1760
slabby	1760
arete	1760
dihedral	1760
cruxy	1761
bouldery	1761
cruxy	1762
crimpy	1762
slopers	1762
sequential	1762
crimpy	1763
slabby	1764
juggy	1764
arete	1764
corner	1764
cruxy	1765
thin	1765
cruxy	1766
pocketed	1766
bouldery	1766
undercling	1766
crack	1767
dihedral	1768
cruxy	1769
face	1769
bouldery	1769
crack	1770
face	1770
arete	1771
cruxy	1776
pocketed	1776
crimpy	1776
vertical	1776
cruxy	1777
steep	1777
flake	1777
sequential	1777
steep	1778
bouldery	1778
cruxy	1784
steep	1784
juggy	1784
crimpy	1784
thin	1784
vertical	1784
layback	1784
cruxy	1786
juggy	1786
slopers	1786
sequential	1786
cruxy	1787
bouldery	1787
juggy	1787
pumpy	1787
slopers	1787
cruxy	1789
bouldery	1789
arete	1789
crimpy	1789
flake	1789
technical	1789
crack	1790
cruxy	1790
steep	1790
thin	1790
huecos	1790
vertical	1790
slopers	1790
sustained	1790
face	1791
juggy	1791
arete	1791
dihedral	1791
huecos	1791
technical	1791
vertical	1791
pumpy	1791
tricky	1791
balancy	1791
powerful	1791
steep	1792
flake	1792
pumpy	1792
pocketed	1793
steep	1793
bouldery	1793
thin	1793
classic	1793
pinches	1794
cruxy	1795
thin	1795
pumpy	1795
pocketed	1796
steep	1796
juggy	1796
crimpy	1796
thin	1796
flake	1796
slopers	1796
pinches	1796
powerful	1796
bouldery	1797
bouldery	1799
crimpy	1800
pumpy	1800
slopers	1800
sequential	1800
cruxy	1801
pumpy	1801
steep	1802
bouldery	1802
juggy	1802
thin	1802
pumpy	1802
slopers	1802
steep	1803
juggy	1803
crimpy	1803
pocketed	1804
huecos	1804
pinches	1804
roof	1805
pocketed	1805
steep	1805
juggy	1805
classic	1805
pinches	1805
pocketed	1806
crimpy	1806
slopers	1806
pinches	1806
steep	1807
bouldery	1807
juggy	1807
cruxy	1808
face	1808
technical	1808
cruxy	1809
crimpy	1809
thin	1810
juggy	1811
crack	1812
thin	1812
off-width	1812
stem	1812
thin	1813
pinches	1813
steep	1815
pumpy	1815
classic	1815
pocketed	1816
face	1817
roof	1817
pocketed	1817
steep	1817
thin	1817
vertical	1817
undercling	1817
roof	1818
steep	1818
bouldery	1818
juggy	1818
thin	1818
classic	1818
slopers	1818
cruxy	1819
steep	1819
juggy	1819
cruxy	1820
steep	1820
crimpy	1820
thin	1820
huecos	1820
cruxy	1821
steep	1821
bouldery	1821
juggy	1821
tricky	1821
bouldery	1822
crimpy	1822
classic	1822
stem	1822
cruxy	1823
roof	1823
steep	1823
crimpy	1823
thin	1823
flake	1823
technical	1823
slopers	1823
sequential	1823
pocketed	1824
steep	1824
corner	1824
flake	1824
layback	1824
cruxy	1825
technical	1825
sustained	1825
face	1826
slabby	1826
huecos	1826
technical	1826
layback	1826
steep	1827
slabby	1827
huecos	1827
classic	1827
face	1828
roof	1828
steep	1828
bouldery	1828
thin	1828
huecos	1828
classic	1828
sustained	1828
steep	1829
bouldery	1829
crimpy	1829
arete	1830
thin	1830
technical	1830
sustained	1830
balancy	1830
stem	1830
crack	1831
pocketed	1831
bouldery	1831
crimpy	1831
face	1832
roof	1832
pocketed	1832
steep	1832
slabby	1832
face	1833
steep	1833
slabby	1833
juggy	1833
vertical	1833
slopers	1833
balancy	1833
crimpy	1835
pocketed	1836
steep	1836
slabby	1836
pinches	1836
balancy	1837
crack	1838
cruxy	1838
stem	1838
crack	1839
face	1839
steep	1839
bouldery	1839
slabby	1839
corner	1839
cruxy	1840
thin	1840
corner	1840
cruxy	1841
face	1841
bouldery	1841
sequential	1841
face	1842
steep	1842
juggy	1842
crimpy	1842
crack	1843
steep	1843
slabby	1843
juggy	1843
arete	1843
dihedral	1843
crack	1844
face	1844
dihedral	1844
thin	1844
huecos	1844
vertical	1844
off-width	1844
technical	1845
arete	1846
huecos	1846
crack	1847
face	1847
bouldery	1847
huecos	1847
crack	1848
cruxy	1848
face	1848
pocketed	1848
crimpy	1848
sequential	1848
crack	1849
roof	1849
steep	1849
tricky	1849
cruxy	1850
steep	1850
slabby	1850
thin	1850
technical	1850
face	1851
pocketed	1851
steep	1851
bouldery	1851
crimpy	1851
thin	1851
pumpy	1851
sustained	1851
pocketed	1852
bouldery	1852
slopers	1852
crack	1853
face	1853
pocketed	1853
steep	1853
bouldery	1853
juggy	1853
arete	1853
dihedral	1853
crimpy	1853
thin	1853
corner	1853
tricky	1853
stem	1853
face	1854
slabby	1854
technical	1854
crimpy	1855
slopers	1855
undercling	1855
crack	1856
cruxy	1856
face	1856
arete	1856
crimpy	1856
thin	1856
technical	1856
cruxy	1857
face	1857
roof	1857
pocketed	1857
crimpy	1857
corner	1857
huecos	1857
pumpy	1857
classic	1857
sustained	1857
stem	1857
chimney	1858
cruxy	1859
roof	1859
steep	1859
juggy	1859
thin	1859
huecos	1859
classic	1859
powerful	1859
crimpy	1861
huecos	1861
slopers	1861
crack	1862
cruxy	1862
roof	1862
off-width	1862
face	1863
roof	1863
bouldery	1863
cruxy	1864
pocketed	1864
technical	1864
pumpy	1864
balancy	1864
steep	1866
crimpy	1866
thin	1866
technical	1866
balancy	1866
cruxy	1867
arete	1867
technical	1867
cruxy	1868
steep	1868
crimpy	1868
sustained	1868
pocketed	1869
slabby	1869
juggy	1869
vertical	1869
pinches	1869
cruxy	1870
pocketed	1870
steep	1870
classic	1870
slopers	1870
crack	1871
face	1871
dihedral	1871
thin	1871
layback	1871
stem	1871
cruxy	1872
roof	1872
tricky	1872
balancy	1872
cruxy	1873
pocketed	1873
vertical	1873
juggy	1874
cruxy	1875
steep	1875
juggy	1875
sequential	1875
slabby	1876
pumpy	1876
slopers	1876
sustained	1876
cruxy	1877
juggy	1877
flake	1877
sequential	1877
stem	1877
steep	1878
bouldery	1878
cruxy	1880
pocketed	1880
crack	1881
dihedral	1881
cruxy	1883
pocketed	1883
steep	1883
flake	1883
sequential	1883
undercling	1884
cruxy	1885
pocketed	1885
bouldery	1885
crimpy	1885
slabby	1886
vertical	1886
face	1887
pocketed	1887
juggy	1887
thin	1887
flake	1887
sequential	1887
layback	1887
pocketed	1888
slabby	1888
arete	1888
technical	1888
slopers	1888
pocketed	1889
bouldery	1889
flake	1889
sustained	1889
face	1890
corner	1891
stem	1891
slabby	1892
thin	1893
vertical	1893
thin	1894
classic	1894
cruxy	1895
face	1895
slabby	1895
thin	1895
technical	1895
roof	1896
pocketed	1896
crimpy	1896
undercling	1896
steep	1897
juggy	1897
chimney	1898
ledges	1898
sustained	1898
stem	1898
crack	1899
cruxy	1899
face	1899
steep	1899
slabby	1899
thin	1899
flake	1899
huecos	1899
slopers	1899
balancy	1899
roof	1900
pocketed	1900
bouldery	1900
pumpy	1900
sequential	1900
cruxy	1901
slabby	1901
thin	1901
sequential	1901
sustained	1901
cruxy	1902
pocketed	1902
juggy	1902
thin	1902
pumpy	1902
cruxy	1903
arete	1903
cruxy	1904
pocketed	1904
steep	1904
flake	1904
vertical	1904
pumpy	1904
cruxy	1905
roof	1905
pocketed	1905
slopers	1905
cruxy	1906
steep	1906
juggy	1906
pinches	1906
cruxy	1907
sustained	1907
face	1908
pocketed	1908
flake	1908
bouldery	1909
arete	1909
dihedral	1909
corner	1909
crack	1910
steep	1910
slabby	1910
layback	1910
crack	1911
cruxy	1911
bouldery	1911
pumpy	1911
ledges	1911
sequential	1911
face	1912
pocketed	1912
thin	1912
flake	1912
face	1913
slabby	1913
arete	1913
cruxy	1914
pumpy	1914
steep	1915
bouldery	1915
corner	1915
pinches	1915
cruxy	1916
roof	1916
pocketed	1916
steep	1916
slabby	1916
thin	1916
technical	1916
tricky	1916
ledges	1917
crack	1918
face	1919
roof	1919
dihedral	1919
tricky	1919
cruxy	1920
bouldery	1920
slabby	1921
ledges	1921
bouldery	1922
slabby	1922
